﻿Number,Word,Class
1,ἁγνῶς,Word
2,ἀδήλως,Word
3,ἀδιαλείπτως,Word
4,ἀεί,Word
5,ἀκριβῶς,Word
6,ἀληθῶς,Word
7,ἀλλά,Word
8,ἀλλά γε,Phrase
9,ἀλλά ἐάν,Phrase
10,ἄλλως,Word
11,ἅμα,Word
12,ἀμέμπτως,Word
13,ἀμήν,Word
14,ἄν,Word
15,ἀνά,Word
16,ἀναξίως,Word
17,ἀνόμως,Word
18,ἀντί,Word
19,ἄνω,Word
20,ἄνωθεν,Word
21,ἀξίως,Word
22,ἅπαξ,Word
23,ἀπέναντι,Word
24,ἀπερισπάστως,Word
25,ἀπό,Word
26,ἀποτόμως,Word
27,ἄρα,Word
28,ἄρα οὖν,Phrase
29,ἄρτι,Word
30,αὔριον,Word
31,ἀϕόβως,Word
32,ἄχρις,Word
33,γάρ,Word
34,γάρ ἐάν,Phrase
35,γάρ καί,Phrase
36,γε,Word
37,γνησίως,Word
38,δέ,Word
39,δέ καί,Phrase
40,δεκαπέντε,Word
41,δέ ὅτι,Phrase
42,δεῦρο,Word
43,δή,Word
44,διά,Word
45,δικαίως,Word
46,διό,Word
47,διόπερ,Word
48,διότι,Word
49,δίς,Word
50,δώδεκα,Word
51,δωρεάν,Word
52,ἐάν,Word
53,ἐάν γάρ,Phrase
54,ἐάν δέ,Phrase
55,ἐάν δέ καί,Phrase
56,ἐάν μή,Phrase
57,ἐάν οὖν,Phrase
58,ἐάν τε,Phrase
59,ἐγγύς,Word
60,ἐγγύτερον,Word
61,ἐθνικῶς,Word
62,εἰ,Word
63,εἰ γάρ,Phrase
64,εἴ γε,Phrase
65,εἰ δέ,Phrase
66,εἰ δέ καί,Phrase
67,εἰ δέ μή γε,Phrase
68,εἰ καί,Phrase
69,εἰκῇ,Word
70,εἰ μή,Phrase
71,ἕνεκεν,Word
72,εἰ οὖν,Phrase
73,εἴπερ,Word
74,εἴ πως,Phrase
75,εἰς,Word
76,εἴτε,Word
77,εἶτα,Word
78,ἐκ,Word
79,ἐκεῖ,Word
80,ἐκτός,Word
81,ἔμπροσθεν,Word
82,ἐν,Word
83,ἐνώπιον,Word
84,ἐξαυτῆς,Word
85,ἑξήκοντα,Word
86,ἔξω,Word
87,ἔξωθεν,Word
88,ἐπάνω,Word
89,ἐπεί,Word
90,ἐπειδή,Word
91,ἔπειτα,Word
92,ἐπί,Word
93,ἔσω,Word
94,ἔσωθεν,Word
95,ἑτέρως,Word
96,ἔτι,Word
97,ἑτοίμως,Word
98,εὐθέως,Word
99,εὐσχημόνως,Word
100,ἐϕάπαξ,Word
101,ἕως,Word
102,ἤ,Word
103,ἡδέως,Word
104,ἤδη,Word
105,ἤ καί,Phrase
106,ἡνίκα,Word
107,ἤτοι,Word
108,ἰδού,Word
109,ἵνα,Word
110,ἵνα καθώς,Phrase
111,ἵνα καί,Phrase
112,ἵνα μή,Phrase
113,ἱνατί,Word
114,ἵνα ὥσπερ,Phrase
115,Ἰουδαϊκῶς,Word
116,καθάπερ καί,Phrase
117,καθάπερ,Word
118,καθό,Word
119,καθώς,Word
120,καθώς καί,Phrase
121,καί,Word
122,καὶ,Word
123,καί γάρ,Phrase
124,καί ἐάν,Phrase
125,καί μή,Phrase
126,καί οὐκ,Phrase
127,καίπερ,Word
128,καλῶς,Word
129,κἄν,Word
130,κατά,Word
131,κατέναντι,Word
132,κύκλῳ,Word
133,μάλιστα,Word
134,μᾶλλον,Word
135,μεγάλως,Word
136,μέν,Word
137,μέν γάρ,Phrase
138,μέν οὖν,Phrase
139,μενοῦνγε,Word
140,μετά,Word
141,μεταξύ,Word
142,μέχρις,Word
143,μή,Word
144,μηδέ,Word
145,μηκέτι,Word
146,μή οὖν,Phrase
147,μήπω,Word
148,μή πως,Phrase
149,μήτι,Word
150,μόλις,Word
151,ναί,Word
152,νή,Word
153,νῦν,Word
154,νῦν δέ,Phrase
155,νυνί δέ,Phrase
156,ὅλως,Word
157,ὁμοθυμαδόν,Word
158,ὁμοίως,Word
159,ὅμως,Word
160,ὄντως,Word
161,ὀπίσω,Word
162,ὅπου,Word
163,ὅπως,Word
164,ὅπως μή,Phrase
165,ὁσάκις,Word
166,ὁσίως,Word
167,ὅταν,Word
168,ὅταν γάρ,Phrase
169,ὅταν δέ,Phrase
170,ὅτε,Word
171,ὅτι,Word
172,ὅτι δέ,Phrase
173,ὅτι ἐάν,Phrase
174,ὅτι εἴ,Phrase
175,ὅτι ὡς,Phrase
176,οὗ,Word
177,οὐκ,Word
178,οὐαί,Word
179,οὐ γάρ,Phrase
180,οὐ γάρ ἀλλά,Phrase
181,οὐδέ,Word
182,οὐδέ γάρ,Phrase
183,οὐδέποτε,Word
184,οὐκέτι,Word
185,οὐ μή,Phrase
186,οὖν,Word
187,οὔπω,Word
188,οὔτε,Word
189,οὕτως,Word
190,οὕτως καί,Phrase
191,οὐχί,Word
192,οὐχ ὅτι,Phrase
193,ὄϕελόν,Word
194,πάλαι,Word
195,πάλιν,Word
196,πανταχοῦ,Word
197,πάντοτε,Word
198,πάντως,Word
199,παρά,Word
200,παραπλήσιον,Word
201,παραυτίκα,Word
202,παρεκτός,Word
203,πεντάκις,Word
204,πέντε,Word
205,περί,Word
206,περισσοτέρως,Word
207,πέρυσι,Word
208,πλήν,Word
209,πλησίον,Word
210,πνευματικῶς,Word
211,πολλάκις,Word
212,ποτέ,Word
213,ποῦ,Word
214,ποῦ οὖν,Phrase
215,πρό,Word
216,πρός,Word
217,πώς,Word
218,πῶς,Word
219,σήμερον,Word
220,σπουδαιοτέρως,Word
221,σύν,Word
222,τάχα,Word
223,τε,Word
224,τε γάρ,Phrase
225,τεσσεράκοντα,Word
226,τοιγαροῦν,Word
227,τοίνυν,Word
228,τολμηρότερον,Word
229,τότε,Word
230,τοὐναντίον,Word
231,τριάκοντα,Word
232,τρίς,Word
233,τυπικῶς,Word
234,ὑπέρ,Word
235,ὑπεράνω,Word
236,ὑπερβαλλόντως,Word
237,ὑπερέκεινα,Word
238,ὑπερεκπερισσοῦ,Word
239,ὑπερλίαν,Word
240,ὑπό,Word
241,χάριν,Word
242,χωρίς,Word
243,ϕειδομένως,Word
244,ὦ,Word
245,ὧδε,Word
246,ὡς,Word
247,ὡσεί,Word
248,ὡς καί,Phrase
249,ὡς μή,Phrase
250,ὡς ὅτι,Phrase
251,ὥσπερ,Word
252,ὡσπερεί,Word
253,ὥστε,Word